{
  "IsEncrypted": false,
  "Values": {
    "FUNCTIONS_WORKER_RUNTIME": "python",
    "DB_HOST": "c-translateservice4829.gppyetpzqhvse5.postgres.cosmos.azure.com",
    "DB_PORT": 5432,
    "DB_NAME": "translate_service",
    "DB_USER": "citus",
    "DB_PASSWORD": "UNkC!k5Li5MKpH",
    "DB_SSLMODE": "require",
    "AzureWebJobsFeatureFlags": "EnableWorkerIndexing",
    "AzureWebJobsStorage": "DefaultEndpointsProtocol=https;EndpointSuffix=core.windows.net;AccountName=azaitranslator55555;AccountKey=3Qxvga0iJ4CxgcJZNxbHQ58zyn1taugShKfX8szQphCQUicq1a3eYEYB1GkWXFT+xKWzG0FhWjlH+AStVD47RQ==;BlobEndpoint=https://azaitranslator55555.blob.core.windows.net/;FileEndpoint=https://azaitranslator55555.file.core.windows.net/;QueueEndpoint=https://azaitranslator55555.queue.core.windows.net/;TableEndpoint=https://azaitranslator55555.table.core.windows.net/",
    "AZURE_CONNECTION_STRING": "DefaultEndpointsProtocol=https;EndpointSuffix=core.windows.net;AccountName=azaitranslator55555;AccountKey=3Qxvga0iJ4CxgcJZNxbHQ58zyn1taugShKfX8szQphCQUicq1a3eYEYB1GkWXFT+xKWzG0FhWjlH+AStVD47RQ==",
    "AZURE_STORAGE_ACCOUNT": "azaitranslator55555",
    "SAS_TOKEN": "sv=2022-11-02&ss=bfqt&srt=sco&sp=rwdlacupiytfx&se=2025-06-30T07:19:11Z&st=2024-08-13T23:19:11Z&spr=https&sig=7KHgKbuJy3g5h9iptQ0VPQOZ0hb9gMXqH9ersKCS4YE%3D",
    "CONTAINER_NAME": "documents-55555"
  }
}