{
  "IsEncrypted": false,
  "Values": {
    "TRANSLATE_SUBSCRIPTION_KEY": "880a9e26322c4923bd406e58f06875da",
    "OPEN_AI_API_KEY": "907e10f8f9c341a0aaaaf0ef827395e3",
    "AZURE_OPENAI_ENDPOINT": "https://az-demo.openai.azure.com/",
    "CHAT_COMPLETIONS_DEPLOYMENT_NAME": "az-chat",
    "AZURE_STORAGE_ACCOUNT": "azaitranslator9233",
    "SAS_TOKEN": "sp=racwdli&st=2024-07-14T22:23:40Z&se=2025-11-02T07:23:40Z&sv=2022-11-02&sr=c&sig=hZ5h1vALU8Y5GbVQNuXW5rGNrGyvKl4HBFcR9VxdbtY%3D",
    "TRANSLATE_ENDPOINT": "https://az-translate-service.cognitiveservices.azure.com",
    "AzureWebJobsStorage": "DefaultEndpointsProtocol=https;AccountName=azaitranslator9233;AccountKey=TQM6gVxSHMdDLQVLx1Rn1Qp3qUaagMa2PsHrWBUmvteC4V9hRIdO7UcFXFmmLabk+bPtzEcKXNAx+AStMSyRgg==;EndpointSuffix=core.windows.net",
    "FUNCTIONS_WORKER_RUNTIME": "python",
    "AzureWebJobsFeatureFlags": "EnableWorkerIndexing",
    "BlobStorageConnectionString": "DefaultEndpointsProtocol=https;AccountName=azaitranslator9233;AccountKey=TQM6gVxSHMdDLQVLx1Rn1Qp3qUaagMa2PsHrWBUmvteC4V9hRIdO7UcFXFmmLabk+bPtzEcKXNAx+AStMSyRgg==;EndpointSuffix=core.windows.net",
    "DB_HOST": "c-translate-service.itfp3i3zh5fvm3.postgres.cosmos.azure.com",
    "DB_PORT": 5432,
    "DB_NAME": "translate_service",
    "DB_USER": "citus",
    "DB_PASSWORD": "UNkC!k5Li5MKpH",
    "DB_SSLMODE": "require"
  }
}